"132","APLIQUE BELLA"
"51","CUÑA CRAZY"
"47","MEDIA PLA 5"
"119","PLANTILLA BEIRA FORRADA"
"162","SUELA ALPHA"
"55","SUELA ALWAYS"
"56","SUELA ALWAYS NUEVA"
"111","SUELA ANTONELLA"
"102","SUELA BALENCIAGA"
"6","SUELA BALETA LADIANA"
"61","SUELA BEIRA"
"130","SUELA BELLA"
"58","SUELA BRAHAMA DAMA"
"57","SUELA BRAHAMA NIÑA"
"62","SUELA BRESKA"
"66","SUELA CANOA PUNTOS"
"159","SUELA CHUNKY"
"65","SUELA CLOUDFORM"
"48","SUELA COLEGIAL GR"
"139","SUELA COLEGIAL MED"
"106","SUELA CORONA"
"151","SUELA CRISTAL"
"136","SUELA DANA MARIA"
"67","SUELA DOLCE"
"68","SUELA EIMY"
"42","SUELA ELECTRA"
"113","SUELA ELITE GRANDE"
"112","SUELA ELITE MEDIANA"
"1","SUELA ELSA BEBE"
"5","SUELA ELSA CON SILVATRIM"
"4","SUELA ELSA GRANDE"
"3","SUELA ELSA MEDIANA"
"2","SUELA ELSA PEQUEÑA"
"142","SUELA EMMA GRANDE"
"69","SUELA EPIC"
"70","SUELA FELICIANA"
"141","SUELA FENDY"
"73","SUELA FLOWER DAMA"
"72","SUELA FLOWER MEDIANA"
"71","SUELA FLOWER PEQUEÑA"
"53","SUELA FREE BINUMERO HOMBRE"
"52","SUELA FREE BINUMERO JUVENIL"
"74","SUELA GABANNA"
"75","SUELA GINA"
"158","SUELA HUNGRYE GRANDE"
"41","SUELA IRIS"
"76","SUELA KARLA"
"77","SUELA KARLA DEPORTIVA"
"114","SUELA KAROL G"
"121","SUELA KELLY"
"138","SUELA KIKYS"
"152","SUELA KOAJ GRANDE"
"79","SUELA KROSS DAMA"
"78","SUELA KROSS NIÑA"
"120","SUELA LAURA"
"35","SUELA LINDA GRANDE"
"34","SUELA LINDA MEDIANA"
"33","SUELA LINDA PEQUEÑA"
"37","SUELA LINDA SIN SILVATRIM MEDIANA"
"36","SUELA LINDA SIN SILVATRIM PEQUEÑA"
"117","SUELA LISS"
"156","SUELA LITE GRANDE"
"80","SUELA LOVE"
"19","SUELA LUNA"
"20","SUELA MACAO"
"44","SUELA MARIA D"
"45","SUELA MARIANA"
"54","SUELA MARIELITA"
"81","SUELA MICHAEL BINUMERO"
"109","SUELA MONACO"
"144","SUELA NAYU GRANDE"
"135","SUELA NAYU MEDIANA"
"147","SUELA NAYUEX"
"118","SUELA NICOLLE"
"82","SUELA ORLANDO"
"122","SUELA PEKIN"
"24","SUELA PILI CON SILVATRIM GRANDE"
"23","SUELA PILI CON SILVATRIM MEDIANA"
"22","SUELA PILI GRANDE"
"21","SUELA PILI MEDIANA"
"60","SUELA PLANTILLA BRAHAMA DAMA"
"59","SUELA PLANTILLA BRAHAMA NIÑA"
"83","SUELA PRADA CON VIRA"
"84","SUELA PRADA SIN VIRA"
"146","SUELA PUCA GRANDE"
"157","SUELA PUMA DAMA"
"128","SUELA REEBOK GRAN PVC"
"127","SUELA REEBOK MED PVC"
"126","SUELA REEBOK PEQ PVC"
"123","SUELA REEBOK PINCESA PEQUEÑA"
"125","SUELA REEBOK PRINCESA GRANDE"
"124","SUELA REEBOK PRINCESA MEDIANA"
"86","SUELA RENATA CON SILVATRIM"
"85","SUELA RENATA SIN SILVATRIM"
"87","SUELA RICHIE"
"149","SUELA SALOME GRAND"
"26","SUELA SAMAYA"
"96","SUELA SAN PRADA CON VIRA"
"95","SUELA SAN PRDA SIN VIRA"
"91","SUELA SCOLA HOMBRE"
"90","SUELA SCOLA JUVENIL"
"89","SUELA SCOLA MEDIANA"
"88","SUELA SCOLA PEQUEÑA"
"92","SUELA SHARONI"
"94","SUELA SKACHER DAMA"
"93","SUELA SKACHER NIÑA"
"154","SUELA SNEAKERS"
"40","SUELA SOFIA"
"160","SUELA SPEED"
"31","SUELA STEFANY"
"32","SUELA STEFANY CON SILVATRIM"
"153","SUELA STEVEN"
"100","SUELA SWIFT HOMBRE"
"99","SUELA SWIFT JUVENIL"
"98","SUELA SWIFT MEDIANA"
"97","SUELA SWIFT PEQUEÑA"
"101","SUELA TETRA"
"103","SUELA TEXI CON VIRA"
"104","SUELA TEXI SIN VIRA"
"108","SUELA TIGER GRANDE"
"107","SUELA TIGER MEDIANA"
"17","SUELA TITA"
"16","SUELA TITA LORAINE"
"161","SUELA TOKIO GRANDE 34 AL 40"
"50","SUELA TOMS"
"110","SUELA TRUMP"
"18","SUELA VALENTINA"
"28","SUELA VALEX PUNTUDA"
"27","SUELA VALEX REDONDA"
"116","SUELA VANNE GRANDE"
"115","SUELA VANNE MEDIANA"
"129","SUELA VANNE PEQUEÑA"
"155","SUELA VERSAGE GRANDE"
"163","SUELA X9 TRENZA"
"131","SUELA YENY"
"105","SUELA ZARA"
"39","SUELIN BEIRA"
"43","SUELIN CANOA PUNTOS"
"64","SUELIN CRAZY"
"63","SUELIN CRAZY NUEVO"
"15","SUELIN LISS"
"29","SUELIN MAOLI 3/2"
"145","SUELIN MAOLI 5/2"
"30","SUELIN MAOLI 7/2"
"46","SUELIN MEDIA PLA 5"
"25","SUELIN NICOLLE"
"38","SUELIN PAULA"
"49","TAPETE BAMBU"
"7","TAPETE BARDAS 1"
"8","TAPETE BARDAS 2"
"150","TAPETE FLOWER MEDIANO"
"140","TAPETE JHON D"
"12","TAPETE LANY 1"
"13","TAPETE LANY 2"
"10","TAPETE LINE 1"
"137","TAPETE MARKERS"
"133","TAPETE MASOF"
"134","TAPETE SACHA"
"9","TAPETE SIERRA"
"14","TAPETE SIERRA TROQUELADO FLOWER"
"11","TAPETE XO"
"143","TAQUITOS"
"148","TUBULAR JHON D"
